{
    "name": "scrollbar",
    "title": "jQuery Custom Scrollbar plugin",
    "description": "Cross-browser CSS customizable scrollbar. Mobile devices compatible. Supports all native scroll events - mouse and touch. Easy to install, use & configure.",
    "keywords": [
        "scroll",
        "scrollbar"
    ],
    "version": "0.1.6",
    "author": {
        "name": "Yuriy Khabarov",
        "email": "13real008@gmail.com"
    },
    "licenses": [
        {
            "type": "MIT",
            "url": "https://github.com/gromo/dslib/blob/master/jquery.scrollbar/license-mit.txt"
        },
        {
            "type": "GPLv2",
            "url": "https://github.com/gromo/dslib/blob/master/jquery.scrollbar/license-gpl.txt"
        }
    ],
    "homepage": "http://gromo.github.io/dslib/jquery.scrollbar/",
    "download": "http://gromo.github.io/dslib/jquery.scrollbar/jquery.scrollbar.v0.1.6.zip",
    "demo": "http://gromo.github.io/dslib/jquery.scrollbar/jquery.scrollbar.html",
    "dependencies": {
        "jquery": ">=1.7"
    }
}